Word,Count
*,5303
the,1930
The,1399
,1215
@param,1150
a,842
to,791
of,656
@return,586
value,396
new,377
be,346
is,335
in,332
and,283
matrix,276
source,273
vector,266
if,262
this,260
from,250
destination,244
for,208
sound,191
Creates,168
that,165
Gets,158
buffer,136
current,124
data,121
or,117
=,112
left,106
list,106
on,102
position,100
right,96
file,94
A,94
two,92
If,88
created,85
colour,84
array,83
it,80
texture,80
into,77
null,75
an,74
Sets,73
component,73
result,67
This,67
with,65
x,64
at,64
can,62
y,62
by,62
not,61
},60
{,60
places,57
played,56
as,55
are,55
float,54
time,53
will,51
point,51
width,51
object,50
all,49
has,49
{@code,49
quaternion,48
playing,48
between,48
should,48
Adds,48
Loads,48
used,47
volume,47
Contribution,47
request,46
JSONValue,45
height,44
closest,43
which,43
values,43
number,42
type,42
one,41
being,41
{@link,41
<br>,41
currently,40
sorted,40
AABB,39
entry,39
character,39
name,38
out,38
range,38
loaded,38
z,37
noise,37
FBO,37
first,36
vectors,36
classes,35
engine,35
ID,35
Represents,34
coordinate,34
OpenGL,34
joystick,33
any,33
Contains,33
Returns,33
scale,32
create,32
@throws,32
manager,31
points,31
display,31
shader,31
each,30
track,30
when,30
engines,29
3D,29
3,29
using,29
existing,29
function,29
VAO,29
queue,29
VBO,29
Constructor,29
return,28
add,28
get,28
length,28
0,28
distance,28
%,28
Y,28
class,27
textures,27
line,27
vertices,26
start,26
X,26
use,26
tokens,26
given,26
delta,26
screen,26
QuadTree,25
store,25
window,25
up,25
play,25
uniform,25
already,24
sounds,24
added,24
music,24
set,24
3),24
token,24
1,24
otherwise,23
configuration,23
false,23
amount,23
objects,23
controller,23
True,23
location,23
major,23
end,23
other,23
version,23
read,22
font,22
Updates,22
interest,22
same,22
text,21
game,21
bytes,21
stored,21
camera,21
second,21
next,21
cannot,21
effect,21
sample,21
w,21
image,21
last,20
input,20
audio,20
b,20
maximum,20
JSONArray,20
inside,20
order,20
world,20
vertex,20
provided,20
together,19
<T>,19
2,19
frustum,19
boolean,19
equivalent,19
coord,18
relative,18
buffers,18
angle,18
-,18
emitter,18
extra,18
arr,18
space,18
Z,18
coordinates,17
axis,17
certain,17
actual,17
+,17
driver,17
no,17
Stores,17
size,17
samples,17
<p>,17
key,17
Initializes,17
index,17
before,16
device,16
based,16
string,16
true},16
stream,16
button,16
default,16
origin,16
renderer,16
format,16
factor,16
GPU,15
screen-space,15
frame,15
JSON,15
GLFW,15
private,15
2D,15
How,15
enabled,15
was,15
Create,15
finished,15
alpha,14
Java,14
its,14
i,14
than,14
identity,14
rotation,14
GUI,14
aabb,14
top,14
load,14
Decide,14
atlas,14
rendering,14
available,14
requests,14
Negates,14
node,14
buttons,14
IOException,14
title,13
listener,13
word,13
there,13
been,13
Start,13
light,13
specified,13
translation,13
colours,13
texts,13
mouse,13
inner,13
so,13
assigned,13
logged,13
side,13
render,13
after,13
turn,13
parsed,13
One,13
where,12
transformation,12
JSONObject,12
Is,12
scalar,12
representing,12
sound's,12
constant,12
plane,12
various,12
loading,12
flounder.space,12
lengths,12
playlist,11
effects,11
fog,11
also,11
radius,11
elements,11
0;,11
player,11
many,11
whether,11
may,11
how,11
resource,11
Determines,11
Holds,11
g,11
outer,11
closer,11
r,11
pixels,11
fullscreen,11
Calculates,11
thread,11
have,11
OpenAL,11
mouses,11
seconds,10
full,10
FloatBuffer,10
them,10
ambient,10
random,10
lowest,10
An,10
view,10
linear,10
variable,10
depth,10
server,10
disables,10
tracks,10
row,10
permutation,10
found,10
attribute,10
paused,10
cursor,10
client,10
newly,10
Checks,10
Used,10
true,10
pentachoron,10
revision,10
represents,9
corner,9
message,9
null),9
Get,9
block,9
since,9
Deletes,9
path,9
max,9
ParseException,9
implementation,9
would,9
matrices,9
squared,9
channel,9
val,9
total,9
while,9
attenuation,9
method,9
It,9
axes,9
\is,\,9
called,9
much,9
\(1,1,1)\,9
We're,9
running,9
over,9
Should,9
sort,9
another,9
code,9
minor,9
scaled,9
structure,9
Amount,9
can't,9
interleaved,9
Removes,9
some,9
associated,9
port,9
stores,9
their,8
Exception,8
turbulence,8
IAudioListener},8
character's,8
edge,8
Vector2f,8
tiled,8
floats,8
settings,8
G,8
three,8
removed,8
\(0,0,0)\,8
R,8
pair,8
loop,8
double,8
tetrahedral,8
Our,8
public,8
AABB(new,8
c,8
center,8
Scales,8
console,8
dot,8
log,8
base,8
quad,8
these,8
<,8
Stops,8
part,8
MFAA,8
antialiasing,8
fogs,8
\this,\,8
rendered,8
Colour,8
down,8
but,8
JSONNumber,8
/,8
Multiplies,8
Sends,8
\matrix,\,8
need,8
interval,8
Vector3f,8
B,8
program,8
Interprets,8
images,8
empty,8
gradient,8
false;,7
Subtracts,7
outside,7
deleted,7
void,7
exponent,7
negative,7
files,7
Whether,7
\(0,0,0,0)\,7
cameras,7
pressed,7
Indicates,7
spatial,7
integer,7
triangle,7
lower,7
(OpenGL),7
determines,7
peak,7
within,7
send,7
\component,\,7
true;,7
calculated,7
needs,7
still,7
components,7
generate,7
(int,7
(nodes,7
AABB's,7
far,7
pool,7
\file,\,7
vaoID,7
sent,7
top-left,7
until,7
Manages,7
creating,7
heard,7
passed,7
cube,7
occurred,7
nodes.length;,7
i++),7
decoded,7
min,7
open,7
Plays,7
When,7
column,7
inverted,6
4,6
honeycomb,6
uniforms,6
(mathematical),6
streamer,6
arrays,6
then,6
capacity,6
sources,6
initial,6
-2;,6
@Override,6
represent,6
maxX,6
chunk,6
username,6
items,6
Quadtree,6
container,6
swapping,6
subdivides,6
capable,6
towards,6
removes,6
profiler,6
TODO:,6
\AABB,\,6
what,6
Inverts,6
info,6
numerator,6
checked,6
renderObjects,6
maxY,6
background,6
strings,6
product,6
updating,6
stopped,6
point1,6
operator,6
Set,6
1's,6
minY,6
Flounder,6
results,6
types,6
quadtree,6
extract,6
update,6
containing,6
event,6
selected,6
border,6
lights,6
updates,6
simple,6
We'll,6
Zero,6
point2,6
timer,6
desired,6
projection,6
amounts,6
Closes,6
int,6
modulus,6
target,6
separate,6
2's,6
\Vector2f(maxX,\,6
change,6
simplectic,6
transparency,6
For,6
Parses,6
\minY),\,6
streaming,6
determinant,6
away,6
child,6
limit,6
back,6
smooth,6
filtering,6
flounder.noise,6
original,6
logs,6
processing,6
Both,6
parse,6
Attenuation,6
Starts,6
Divides,6
multisampling,6
depends,6
\Vector2f(minX,\,6
expandY,6
coords,6
ray,5
textureID,5
hidden,5
Engine,5
GL,5
action,5
FBO's,5
\in,\,5
closes,5
Translates,5
bottom,5
id,5
swaps,5
Cleans,5
Disables,5
subdivide();,5
halfXLength;,5
windowed,5
exception,5
keyboard,5
around,5
IDES,5
Can,5
Generates,5
gets,5
equal,5
dimensions,5
\(1,1,1,1)\,5
Builder,5
stretch,5
directions,5
possibly,5
Normalizes,5
main,5
contained,5
determine,5
every,5
post,5
delete,5
tab,5
nodes,5
object),5
sphere,5
off,5
doesn't,5
stretched,5
information,5
contribution,5
done,5
memory,5
reading,5
List<T>,5
camera's,5
seed,5
result;,5
rotate,5
emitted,5
active,5
\from,\,5
only,5
builder,5
faded,5
condition,5
0),5
else,5
Enables,5
They,5
antialiased,5
run,5
-=,5
Quaternion,5
Texture,5
Noise,5
component's,5
tile,5
@see,5
streamed,5
bind,5
direction,5
updated,5
\contained,\,5
gap,5
determined,5
make,5
removing,4
inputs,4
GLFW_DONT_CARE,4
GuiTexture}s,4
minimum,4
throwable,4
vsync,4
\creation,\,4
m21,4
windows,4
MyFile,4
offers,4
m12,4
Translation,4
\x,\,4
higher,4
(expandX,4
particular,4
filter,4
parameters,4
First,4
edges,4
processes,4
>,4
attributes,4
element,4
sub,4
single,4
\(1,1,0,0)\,4
Simple,4
partially,4
near,4
vbo,4
skys,4
Rotates,4
(0,4
holds,4
Left,4
region,4
blend,4
\(0,1,1,0)\,4
UnsupportedOperationException,4
unit,4
find,4
fonts,4
\(0,1,1)\,4
setting,4
relation,4
destruction,4
question,4
algorithm,4
reader,4
wave,4
convert,4
module,4
\"\\,4
\(0,0,0,1)\,4
density,4
stop,4
!=,4
currentToken,4
thisAsNode;,4
processor,4
Determine,4
m11,4
m01,4
m20,4
\vertices,\,4
\(0,0,1,1)\,4
clear,4
loader,4
-1;,4
lists,4
\maxY)),\,4
network,4
minX,4
freq,4
-1,4
fitToScreen},4
infinity,4
\(0,1,1,1)\,4
value},4
rotational,4
too,4
\(0,0)\,4
String,4
radians,4
m22,4
output,4
parameter,4
Class,4
capacity);,4
does,4
m00,4
OpenSimplex,4
map,4
\pass,\,4
Binds,4
m02,4
keeps,4
-0;,4
marble,4
tRNS,4
denominator,4
codes,4
\(1,0,0,1)\,4
profiling,4
Normalises,4
\(1,0,1,0)\,4
t,4
insertion,4
Prepares,4
clamping,4
contribute,4
==,4
Other,4
fragment,4
\(1,0,0)\,4
Decodes,4
increases,4
queued,4
means,4
we,4
displays,4
folder,4
Handles,4
focuses,4
0-255,4
\(1,0,0,0)\,4
just,4
null;,4
Toggles,4
defaultEntry,4
Now,4
wrong,4
pause,4
functions,4
rows,4
connection,4
1;,4
connected,4
frequency,4
\list,\,4
StructureQuadtree<T>(new,4
3x3,4
mode,4
tetrahedron,4
\found,\,4
0-1,4
Transpose,4
&&,4
h,4
including,4
initialized,4
\text,\,4
XYZ,4
preference,4
<=,4
fully,4
lattice,4
Interface,4
\loading,\,4
offset,4
blank,4
transparent,4
both,4
Converts,4
stride,4
\expanseX,\,4
process,4
m10,4
\(0,1,0,1)\,4
clients,3
events,3
decreases,3
must,3
keyframe,3
Fades,3
innerRange,3
reference,3
Computes,3
zero,3
deleting,3
\(0,0,0,2)\,3
pass,3
import,3
Requests,3
visible,3
positive,3
negated,3
tileable,3
indices,3
3d,3
\(0,0,1)\,3
typical,3
Sum,3
unused,3
your,3
javas,3
callbacks,3
needed,3
water,3
Skew,3
(Rectified,3
relX,3
regardless,3
links,3
ascii,3
contributions,3
Place,3
rotation),3
relY,3
\y,\,3
Between,3
pos,3
Then,3
(in,3
Gradients,3
rhombo-hypercube,3
CPU,3
Of,3
anisotropic,3
one-off,3
\screen,\,3
\example,\,3
upper,3
methods,3
Turns,3
repeats,3
(it.hasNext()),3
transposed,3
triangular,3
indicates,3
aspect,3
interpolation,3
Any,3
ratio,3
smaller,3
nearest,3
repeat,3
devices,3
further,3
longer,3
applied,3
less,3
numbers,3
sets,3
Opens,3
4D,3
logger,3
renderers,3
\(0,0,1,0)\,3
isn't,3
throws,3
about,3
deletes,3
bigger,3
master,3
Calculate,3
along,3
argument,3
(for,3
defining,3
Point,3
LOG_TO_FILE},3
halfYLength;,3
multiple,3
vao,3
reverted,3
VSync,3
edge),3
JSONString,3
error,3
Compute,3
streaming),3
later,3
replace,3
dimension,3
represented,3
contains,3
uses,3
drivers,3
remove,3
rounded,3
utility,3
super-cell,3
fit,3
Positions,3
loads,3
closed,3
puts,3
Floor,3
requested,3
antialias,3
system,3
objects.iterator();,3
max},3
+=,3
JFrame,3
Iterator<T>,3
scalar),3
\(0,1,0)\,3
continues,3
approximate,3
because,3
Transposes,3
calculation,3
managing,3
through,3
more,3
Rotate,3
functionalities,3
grid,3
\(1,0,1)\,3
label,3
At,3
check,3
right),3
scene,3
Where,3
Vector4f,3
min},3
afterwards,3
Axis,3
appear,3
adjacent,3
Provides,3
decode,3
buffered,3
\console,\,3
wheel,3
\(1,1,0,1)\,3
Renders,3
repeated,3
\value,\,3
quaternions,3
Once,3
subtract-components,3
sublist,3
write,3
storing,3
(1.0f,3
hash,3
reflection,3
\(0,1,0,0)\,3
initialised,3
manages,3
Finds,3
noisy,3
Transforms,3
addAll(result);,3
linearly,3
vSync.,3
internal,3
we're,3
core,3
sizeScalar,3
rhombus,3
Outside,3
renderable,3
randomly,3
heap,3
\(0,1)\,3
Two,3
long,3
divided,3
blending,3
form,3
context,3
bubble,3
though,3
move,3
those,3
wireframe,3
\(1,0,1,1)\,3
\(1,0)\,3
refills,3
carries,3
Second,3
previously,3
depending,3
\vectors,\,3
All,3
basic,3
setup,3
errors,3
reached,3
radius's,3
startingAttribute,3
gui,3
mipmapping,3
front,3
\(1,1,1,0)\,3
whose,3
forward,3
parent,3
connect,3
large,3
1),3
\(1,1,0)\,3
JSONLiteral,3
blur,3
LOG_TO_CONSOLE},2
lerp,2
chunks,2
gameloop,2
8,2
bytesRead,2
Each,2
entire,2
4x4,2
queried,2
functionality's,2
normalize,2
gamePaused,2
\floorMod(-4,\,2
selector,2
4-Simplex),2
Matrix3f,2
executable,2
Matrix4f,2
test,2
generic,2
compressed,2
\3,\,2
tessellator,2
Vector2f(minX,2
\operator,\,2
relScaleY,2
Inside,2
\source,\,2
locations,2
do,2
sin(point,2
sockets,2
\floorMod(1,\,2
table,2
Rotation,2
flooring,2
randomness,2
nodes[2],2
responsible,2
Log,2
could,2
notion,2
\clouds,\,2
across,2
;,2
uncompress,2
range),2
Decides,2
Errors,2
</pre>,2
Within,2
fade,2
node's,2
soon,2
useful,2
focusPosition,2
primary,2
\sound"\,\,2
shared,2
green,2
times,2
exponential,2
returned,2
skewed,2
Run,2
rest,2
it.next();,2
\center,\,2
Vector2f(maxX,2
menus,2
Actions:,2
ASCII,2
GLFW.JOYSTICK,2
capacity;,2
\floorMod(4,\,2
.wav,2
perform,2
interpolates,2
\sounds,\,2
initialise,2
replaced,2
dispentachoron,2
result),2
necessary,2
IP,2
Streamer}s,2
Add,2
source's,2
low,2
(4-Simplex),2
List,2
\denominator,\,2
bound,2
\"\system\,2
\floorMod(0,\,2
engine.flounder.lights,2
v,2
\useful,\,2
returns,2
builders,2
<pre>,2
modules,2
capacity),2
real,2
ranges,2
taken,2
loud,2
AudioController},2
VBOs,2
2.0f;,2
(stretched,2
blue,2
tabs,2
wav,2
bigger-sided,2
deltas,2
performs,2
falls,2
turbulent,2
bits,2
Refills,2
filters,2
y2,2
\floorMod(-2,\,2
Note,2
rhombohedron,2
\texture,\,2
(!aabb.intersects(range)),2
etc.),2
Matrix2f,2
z1,2
joysticks,2
aabb.getMaxExtents().getX();,2
relScaleX,2
fogColour,2
facets,2
agility,2
remaining,2
buffer),2
goes,2
writer,2
this.capacity,2
somewhere,2
exit,2
processors,2
floats),2
focus,2
Various,2
Third,2
-3,2
bankID,2
\sorted,\,2
fadeOutRange,2
except,2
application,2
64-bit,2
\(1,1,1,-1)\,2
address,2
(range.contains(aabb)),2
hasn't,2
fs,2
previouslyPlayed,2
\floorMod(2,\,2
\(1,1)\,2
finds,2
Must,2
subtract,2
4096,2
(this,2
GLFW_REPEAT</p>,2
such,2
this.aabb,2
Matrix2F,2
instanced,2
bufferID,2
they,2
Works,2
chunkSize},2
smaller-sided,2
multiplication,2
register,2
-2,2
item,2
copy,2
<p>GLFW,2
aabb.getMinExtents().getY();,2
fileName,2
shrink,2
\floorMod(-1,\,2
clipPlane,2
anywhere,2
degrees</b>,2
Fade,2
java,2
decimal,2
built,2
planes,2
secondary,2
DeviceSound},2
IDE's,2
Deals,2
were,2
\quaternion,\,2
z2,2
\shader,\,2
chunkSize,2
\expanseY),\,2
terms,2
skybox,2
passes,2
spheres,2
clip,2
sizes,2
call,2
soundEffect,2
maxY));,2
playRequest,2
something,2
instance,2
surface,2
\"\side"\\,2
explosion,2
nodes[1],2
',2
parses,2
bounds,2
(!aabb.contains(object.getAABB())),2
similarly,2
largest,2
ArrayList<>();,2
vSync,2
save,2
Update,2
inscribed,2
keyframes,2
hashmap,2
Runs,2
example:,2
chosen,2
x2,2
sampler,2
\floorMod(-3,\,2
x1,2
package,2
Text,2
result.add(current);,2
sends,2
flounder.fbos.FBO},2
point.x);,2
Closer,2
seconds),2
be:,2
Carries,2
sublists,2
\GLFW_RELEASE,\,2
compress,2
increase,2
\radius,\,2
\(x,y,z)\,2
(if,2
PNG,2
work,2
W,2
initially,2
guiTextures,2
return;,2
jar,2
Buffer,2
well,2
interface,2
nodes[0],2
IllegalArgumentException,2
coloured,2
-5,2
placed,2
fogDensity,2
sine,2
fogGradient,2
channels,2
place,2
\floorMod(3,\,2
plays,2
\rotation.x,\,2
rather,2
saves,2
aabb.getMinExtents().getX();,2
y1,2
VAOs,2
IP's,2
(3-Simplex),2
suitable,2
\floorMod(-7,\,2
StructureQuadtree<T>,2
false},2
After,2
Only,2
invoked,2
allows,2
#hasAlphaChannel(),2
close,2
Time,2
Number,2
\width,\,2
range);,2
\edge,\,2
inactive,2
(seconds),2
implemented,2
Wraps,2
systems,2
go,2
additive,2
aabb.getMaxExtents().getY();,2
expanseY));,2
Perlin,2
<b>in,2
focusRotation,2
shuffle,2
either,2
written,2
testing,2
checks,2
Fills,2
fooBar,2
2x2,2
games,2
q,2
specific,2
changes,2
functionality,2
changed,2
cleaning,2
Tries,2
ordinary,2
enable,2
psuedo-random,2
\data,\,2
\line,\,2
aabb;,2
Weather,2
\down,\,2
shaderName,2
2d,2
(float),2
composed,2
\rotation.z,\,2
.log,2
enough,2
c2,2
T,2
\min,\,2
nodes[3],2
png,2
-4,2
\result,\,2
Takes,2
produce,2
Frame,2
window's,2
adds,2
failed,2
shaders,2
Perlin-1,2
math,2
recursively,2
starts,2
clamped,2
Interpolates,2
Matrix3F,2
creates,2
Writes,2
rays,2
\game,\,2
smallest,2
\rotation.y,\,2
Relay,2
during,2
-6,2
Generate,2
-7,2
checking,2
getting,2
Error,2
actionListener,2
Reads,2
normalisation,2
d,2
null},2
rounds,2
shuffling,2
byte,2
Vertex,2
red,2
fontSize,2
pipelines,2
omitted,2
config,2
streams,2
ipAddress,2
algorithms,2
2;,2
Light,2
turbulence(point),2
subarrays,2
generator,2
tabName,2
XY,2
\floorMod(-6,\,2
searched,2
timers,2
round,2
(2-Simplex),2
expandX,2
\b,\,2
steam,2
always,2
\GLFW_PRESS,\,2
Clamps,2
ensures,2
objects.add(object);,2
alphabetical,2
normalized,2
radiuses,2
parsing,2
Attributes,2
joystick's,2
Unbinds,2
conversion,2
Matrix4F,2
Sound,2
it's,2
\floorMod(-5,\,2
remove(T,1
introduce,1
consists,1
record,1
maths,1
Decompresses,1
#startEngine(FontType)},1
123e37,1
\coords,\,1
result.addAll(objects);,1
skyLowerLimit,1
fails,1
queues,1
Completes,1
Algorithms'</a>,1
Ensures,1
gives,1
pane,1
source),1
\3-sorting,\,1
Whenever,1
Value,1
beginning,1
aim,1
stay,1
\(1,1,1,0),\,1
press,1
inserts,1
proven,1
anymore,1
ISpatialObject>,1
cos,1
Blend,1
dimensionally-generalizable,1
immediacy,1
bounded,1
\(1,\,1
Comparison,1
v1.1,1
\for,\,1
inverse,1
rewrites,1
clear(),1
made,1
file(s),1
comming,1
Height,1
requesting,1
faces,1
scaleY,1
here:,1
configs,1
logging,1
linearFiltering,1
useColourBuffer,1
prune(),1
KeyButton,1
numberOfRows,1
Failed,1
vertexCount,1
interact,1
\"\PNG"\\,1
subdivide(),1
descends,1
123,1
commit,1
float),1
(maxX,1
bit,1
heaviest,1
Calling,1
createDisplay,1
LOD,1
\j,\,1
\adj(T),\,1
\Otherwise,\,1
ends,1
10t^3,1
frame),1
generation,1
textured,1
addToChildNode(T,1
desired),1
specifying,1
allowing,1
loops,1
Rounds,1
short,1
cubic,1
blurred,1
Utility's,1
helping,1
systemSound,1
compares,1
instancedDataLength,1
swapped,1
MouseButton,1
expanseX,1
Registers,1
gzip,1
Tab,1
successive,1
\above,\,1
\(1,0,1,1),\,1
234.18,1
cull,1
\at,\,1
BACK,1
Chooses,1
axis-angle:,1
\iteration,\,1
re-adds,1
\boolean,\,1
spaceWidth,1
operating,1
Always,1
exact,1
axisAngle,1
\consistent,\,1
cameraDistance),1
texture),1
(Seconds),1
ported,1
Copies,1
stops,1
starting,1
subtract=component,1
3-Simplex),1
2D-vector,1
faded-out,1
want,1
JoystickAxis,1
(objects.size(),1
with:,1
hear,1
\gradients,\,1
fragmentString,1
1],1
chunkType,1
(either,1
twice,1
joystickAxes,1
pitch,1
dirX,1
this.,1
Fix,1
PlayRequest},1
un-interleaved,1
maxInstanceCount,1
flounder.physics.*;,1
whitespace,1
t21,1
vao's,1
culling,1
Iterates,1
normals,1
Selects,1
t02,1
languages,1
throwing,1
(exponent,1
Forces,1
Disposes,1
finishing,1
trakcs,1
\management,\,1
smoothly,1
\sound,\,1
\w,\,1
(call,1
doubles,1
\emitter,\,1
z),1
\(0,0,1),\,1
alphaChannel,1
timings,1
binary,1
relevant,1
modeled,1
minX),1
(keep,1
encounters,1
debugging,1
merely,1
keyboards,1
dimensional,1
fadeOutPrevious,1
exist,1
\(1,0,1),\,1
\system,\,1
invocation,1
clamp,1
\JSONString,\,1
manipulating,1
swap,1
faulty,1
\events,\,1
avoid,1
outerRange,1
initialValue,1
removeInternal(T,1
maxCount,1
xTexSize,1
\streamers,\,1
makes,1
exceeded,1
<Y>,1
independent,1
streamers,1
iteration,1
Paths,1
\library,\,1
1/det(A),1
\gap,\,1
rate,1
BaseButton,1
During,1
Transfers,1
fading-out,1
#loadNextData()},1
holding,1
(to,1
(all,1
belong,1
source.aabb;,1
under,1
ints,1
performing,1
P,1
keys,1
\@SuppressWarnings("\unchecked"\)\,1
\JSONArray,\,1
furthest,1
1-D,1
\(x,\,1
come,1
combine,1
words,1
newPlaylist,1
FRONT,1
k,1
physics2,1
subFile,1
notifies,1
\(-1,\,1
\one,\,1
interpolated,1
Base,1
subFiles,1
Queues,1
nodes[i].addAll(result);,1
variables,1
Unpauses,1
13\234.18.9,1
holder,1
indicated,1
hasAlpha,1
p3,1
stretchX,1
waterHeight,1
(?):,1
bindings,1
scheme,1
least,1
in-game,1
GLCapabilities,1
6t^5,1
life,1
skip,1
t22,1
scaleX,1
opens,1
uo,1
textureFile,1
hold,1
detect,1
corners,1
straight,1
Private,1
flounder.space;,1
exists,1
newVolume,1
ascends,1
invalid,1
Computing,1
(current.getAABB().intersects(range).isIntersection()),1
combination,1
(range.aabbInFrustum(current.getAABB())),1
BOTTOM,1
sounds),1
ton,1
hasTransparency,1
(nullable),1
orders,1
queryInFrustum(List<T>,1
There,1
\subtract-components,\,1
Decoded,1
Pauses,1
\colour,\,1
E.g,1
describes,1
frames,1
click,1
improved,1
\(0,1,0),\,1
un-needed,1
byte),1
cleared,1
Overwrites,1
decreasing,1
t20,1
(at,1
tokens:,1
recede,1
ip,1
\renderer,\,1
behind,1
(linear,1
exponents,1
minX;,1
intensity,1
Data,1
virtual,1
making,1
deals,1
firstIndex,1
padding,1
Centers,1
terrain,1
flounder.fbos.FBO}'s,1
16),1
proper,1
(-1,1
octagon,1
Convert,1
\them,\,1
font-size,1
(!removeInternal(object)),1
square,1
\reader,\,1
\element,\,1
stretchZ,1
(should,1
Watch,1
keyCodes,1
9,1
immediately,1
(y,1
(i.e,1
min;,1
yTexSize,1
'devices',1
rhyme,1
\repetition,\,1
preservered,1
Device,1
shifts,1
flounder.textures.TextureDecoder},1
xi,1
\nodes[i].queryInFrustum(result,\,1
few,1
\#overwriteTRNS(byte,\,1
\#update(Vector3f,\,1
Read,1
imageWidth,1
defaultType,1
slowly,1
started,1
reflected,1
OpenGl,1
expandZ,1
\byte,\,1
contain,1
\again,\,1
Mainly,1
sizeX,1
\(1,1,0),\,1
field,1
reaches,1
FULLSCREEN,1
achievement,1
(x,1
\(0,\,1
belongs,1
via,1
slides,1
cosine,1
2-tuple,1
precompute,1
\(mono,\,1
Uses,1
\(0,0,2)\,1
textureFiles,1
meaning,1
growing,1
reinsertObjects();,1
quoted,1
broken,1
\involved,\,1
properly,1
list),1
maxVertexCount,1
creator,1
lies,1
FOV,1
interleavedData,1
onto,1
Javadocs,1
provide,1
(dirX),1
soundFile,1
\outputs,\,1
cameraDistance))},1
phases,1
of),1
bitsPerSample,1
array),1
StructureQuadtree(AABB,1
Initialise,1
sizeY,1
Configures,1
Initialize,1
scaling,1
tessellators,1
Store,1
compat,1
preparation,1
big,1
contexts,1
LWJGL,1
isNodesEmpty(),1
piece,1
subfile,1
2t^3,1
Applies,1
subtract-components),1
seed-based,1
won't,1
3D-vector,1
limited,1
throw,1
objects.remove(object);,1
wavFile,1
Asserts,1
(loads,1
java.util.*;,1
copied,1
TOP,1
sub-arrays:,1
model,1
Just,1
\(1,1,-1)\,1
unlimited,1
queryInAABB(List<T>,1
(!objects.isEmpty()),1
fitToScreen,1
rhombicuboctahedron,1
\pressed,\,1
Move,1
\server,\,1
#executeGlRequest()},1
\(address.getHostAddress().equalsIgnoreCase("\127.0.0.1"\))\,1
date,1
MFSS,1
lookup,1
(horizontal),1
generated,1
prune();,1
connections,1
(possibly,1
(rendering,1
roll,1
finishes,1
(1/Math.sqrt(3+1)-1)/3;,1
endValue,1
\JSONNumber,\,1
t12,1
MAKE,1
row),1
features,1
disprismatotesseractihexadecachoron,1
recognized,1
caches,1
(number,1
automatically,1
(object.getAABB().getCenterX(),1
\(Seconds,\,1
flounder.maths.vectors.*;,1
Filters,1
3-tuple,1
flounder.post.PostFilter}'s,1
source.capacity;,1
\normals,\,1
c1,1
blit,1
curves,1
matches,1
screenBlur,1
objects.clear();,1
movement,1
unpause,1
Compresses,1
LEFT,1
(z,1
etc),1
Increment,1
\Vector3f.rotateVector(maxExtents,\,1
source.objects;,1
\5,\,1
primaryRadius,1
continuously,1
\flounder.space,\,1
enclosing,1
binds,1
StructureQuadtree<>(this);,1
sleep,1
\see,\,1
convenience,1
\aabb,\,1
Instantly,1
disable,1
lastIndex,1
[hour:minute:second,1
reason,1
skipping,1
cube),1
problem,1
Render,1
fpsLimit,1
fading,1
255,1
lightest,1
AudioController,1
(with,1
orthographic,1
preformed,1
aspectRatio,1
runs,1
No,1
vertexString,1
reaching,1
StructureQuadtree[4]);,1
deciding,1
Total,1
\point,\,1
yaw,1
Key,1
calculating,1
//,1
processed,1
creation,1
runtime,1
rely,1
charge,1
p2,1
Objects,1
isNodesEmpty();,1
none,1
filled,1
StructureQuadtree<T,1
string:,1
\position,\,1
Since,1
keeping,1
try,1
numeric,1
FPS,1
don't,1
skyUpperLimit,1
Removed,1
Call,1
SoundEmitter,1
|,1
assume,1
Index,1
floatCount,1
t00,1
up),1
slot,1
SourcePoolManager},1
StructureQuadtree(StructureQuadtree<T>,1
nodes[];,1
Shows,1
24,1
source.nodes;,1
going,1
1D,1
\some,\,1
joystickButtons,1
Permutation,1
digit,1
extends,1
stretchY,1
\expand(dirX,\,1
JTabbedPane,1
helper,1
minY;,1
transpose(Conjugate,1
\add,\,1
etc,1
</p>,1
git,1
3t^2,1
stopping,1
distribution,1
RGBA,1
takes,1
\loader,\,1
\updated,\,1
allotted,1
Writer,1
occupy,1
Kurt,1
goWireframe,1
maxLength,1
xTextureCoord,1
instances,1
monitor,1
corresponding,1
max.,1
Fullscreen,1
steps,1
totalBytes,1
Skips,1
favor,1
this.nodes,1
interleaves,1
Axis-Angle,1
area,1
one),1
allocate,1
\algorithm,\,1
flounder.textures.Texture},1
<SECOND>,1
(max-min)),1
\#openWavStream(MyFile,\,1
Resets,1
.9,1
MusicPlayer},1
listOfMusic,1
handler,1
Gain,1
handled,1
pivot,1
build,1
(deletes,1
\(1,1,0,1),\,1
imaginary,1
attributeNumber,1
Profiles,1
4-tuple,1
GLFW.KEY,1
:(,1
structures,1
Sound},1
(rand.nextDouble(),1
decoder,1
Constants,1
incremented,1
Names,1
packets,1
Send,1
coordSize,1
Frustum,1
(without,1
\factor,\,1
Structure,1
dirY);,1
\positions,\,1
\quad,\,1
old,1
\not,\,1
\forgotten,\,1
\format,\,1
loadedTextures,1
receive,1
octahedron,1
\input,\,1
startFBO,1
matrix-to-quaternion,1
implementations,1
this.objects,1
sampleRate,1
becomes,1
reinsertObjects(),1
#hasAlpha(),1
(!isNodesEmpty()),1
alphabetic,1
working,1
scroll,1
<FIRST>,1
indexed,1
Invocation,1
byes,1
continuous,1
previous,1
waves,1
planes*value,1
repeatedlys,1
parts:,1
loader),1
Limits,1
(!addToChildNode(object)),1
scenes,1
Seed,1
readings,1
dirY,1
zFar,1
you,1
way,1
xAdvance,1
maxPlayTimeout,1
\(volume,\,1
computing,1
remain,1
Basically,1
renderer's,1
t10,1
'seed',1
relieve,1
advances,1
parts,1
Format,1
\(0,0,0,1),\,1
\zk,\,1
RIGHT,1
expand,1
Repeatedly,1
Unlike,1
textureWidth,1
13,1
openWavStream()},1
t01,1
\all,\,1
fades,1
\min},\,1
rhombohedral,1
Saves,1
dense,1
Object,1
moved,1
zNear,1
\1-sorting,\,1
scaleZ,1
gone,1
Primary,1
portion,1
0-360,1
library,1
deadband,1
consuming,1
sifting,1
\Builder,\,1
paths,1
Default,1
curve,1
calling,1
lost,1
#hasAlpha()},1
floor,1
data.length},1
objects;,1
usual,1
quote,1
textureAtlas,1
compressing,1
\texts,\,1
culled,1
\angle,\,1
cross,1
circles,1
fixed,1
Clear,1
repeatedly,1
\closest,\,1
visual,1
general,1
for),1
fontFile,1
bias,1
weather,1
SoundSource},1
(October,1
frustum's,1
Not,1
count,1
signed,1
16,1
minY),1
\1,\,1
modulo,1
user,1
supported,1
\array,\,1
relativePosition,1
keyFrames,1
lighting,1
depthBufferType,1
\away,\,1
begin,1
playlist's,1
Layouts,1
expandY),1
xOffset,1
\work,\,1
Polls,1
greater,1
\max},\,1
\character,\,1
stage,1
(e.g,1
123e37lol';123'sd;sa,1
right^-1),1
adj(T),1
\controller,\,1
planeHeight,1
http://www.cs.cornell.edu/courses/cs4620/2011fa/lectures/10transformsWeb.pdf,1
relLineWidth,1
secondaryRadius,1
(cameraDistance,1
\i,\,1
series,1
subtract-component,1
multidimensional,1
(Run,1
(and,1
never,1
15t^4,1
sending,1
pixel,1
lot,1
\stereo,\,1
resets,1
(1/Math.sqrt(4+1)-1)/4;,1
\JSONObject,\,1
square),1
radius's;,1
inv(A),1
writes,1
lodBias,1
sendRequest,1
operation,1
\collisions,\,1
constructor,1
startIndex,1
callback,1
clampEdge,1
flounder.post.PostPipeline},1
texcoords,1
XZ,1
\VAO,\,1
(Math.sqrt(2+1)-1)/2;,1
renerable,1
Hence,1
resizable,1
Secondary,1
duty,1
attachments,1
mouseButtons,1
inactive),1
generating,1
like,1
Makes,1
structure.,1
decompressing,1
VBO's,1
textureHeight,1
safe,1
presence,1
\"\JPG"\\,1
menu,1
vertexFile,1
Spencer,1
designed,1
Client,1
Proper,1
flounder.shaders.Uniform},1
\order,\,1
hashMap,1
\updating,\,1
other},1
enables,1
family's,1
Added,1
(addToChildNode(it.next())),1
blendFactor,1
calculate,1
\ms,\,1
flounder.shaders.ShaderProgram}'s,1
screenshot,1
alter,1
considered,1
graphics,1
2014),1
symbol,1
scales,1
Matrix),1
Called,1
writing,1
Constraint,1
registered,1
permutations,1
causes,1
(new,1
cache,1
TokenReader,1
uploaded,1
(!nodes[i].isEmpty()),1
queueing,1
visibility,1
command,1
comb,1
\object,\,1
Major,1
Streaming,1
ensure,1
instantly,1
put,1
viewMatrix,1
Profiler,1
\expandX,\,1
include,1
notation,1
increasing,1
coefficients,1
Sorting,1
Minor,1
\initializing,\,1
user-defined,1
\dimensions,\,1
(1/Math.sqrt(2+1)-1)/2;,1
Extra,1
\image,\,1
(not,1
turning,1
filling,1
Attempt,1
fact,1
again,1
\range,\,1
yTextureCoord,1
once,1
halfXLength,1
out-of-order,1
Ms),1
CompoundButton,1
ISpatialStructure<T>,1
N,1
Clears,1
unchanged,1
aabb.getCenterY());,1
Server,1
Non-visible,1
successfully,1
requires,1
hiF,1
advantage,1
\value},\,1
Count,1
unsorted,1
(nodes[i].addInternal(object)),1
aabb.getCenterX());,1
yj,1
video,1
years,1
Basic,1
follows:<br>,1
dataSize,1
aliasing,1
\href="\https://www.youtube.com/watch?v=ZZuD6iUe3Pc"\>'Visualization\,1
technique,1
take,1
pipeline,1
bitmask,1
conjugate,1
CRC,1
responsibility,1
literal,1
ebd,1
\font,\,1
WORK!!,1
sd,1
control,1
wherever,1
addAll(List<T>,1
\errors,\,1
phase,1
drop-off,1
\AssertionError("\Error:\,1
100%,1
there's,1
S-curve,1
contents,1
month,1
t11,1
carry,1
fragmentFile,1
loF,1
sub-arrays,1
p1,1
\starting,\,1
match,1
exceptions,1
\(0,0,1,0),\,1
comparable},1
expand(float,1
without,1
Select,1
(maxY,1
(Math.sqrt(3+1)-1)/3;,1
Fourth,1
\(dirY)"\);\,1
\out,\,1
#doResourceRequest()},1
In,1
different,1
divide,1
merge,1
updateGame},1
int),1
back-faces,1
\child-components,\,1
ByteBuffer,1
characters,1
JoystickButton,1
tokenizes,1
int},1
glyph,1
decided,1
(nodes[i].removeInternal(object)),1
per,1
\thread,\,1
randomization,1
whole,1
flounder.resources,1
\(positions,\,1
LCG,1
family,1
buffers),1
organizes,1
high,1
MSAA,1
faster,1
\nodes[i].queryInAABB(result,\,1
thisAsNode,1
implements,1
getAll(List<T>,1
OR,1
add(object);,1
handing,1
halfYLength,1
\Vector3f,\,1
intervals,1
Changed,1
startValue,1
'.fnt',1
sa,1
slide,1
\time,\,1
screenshots,1
rotationAxis,1
it.remove();,1
Do,1
Executed,1
attempts,1
help,1
ever,1
\sublists,\,1
minPlayTimeout,1
\integer,\,1
usually,1
timer),1
caps,1
throughout,1
whilst,1
That,1
fov,1
(objects.remove(object)),1
Does,1
Relative,1
addInternal(T,1
GLFW.MOUSE_BUTTON,1
Whatever,1
\side,\,1
day/month/year],1
<a,1
(object.getAABB().getCenterY(),1
Streamer},1
perspective,1
Implementations,1
\[0,\,1
\5-sorting,\,1
http://www.nh.cas.cz/people/lazar/celler/online_tools.php,1
outputFBO,1
add(T,1
units,1
ISpatialStructure},1
expanseY,1
(as,1
\(0,1,0,0),\,1
\Vector3f.rotateVector(minExtents,\,1
subspaces,1
best,1
increased,1
\sent,\,1
\max,\,1
Blits,1
yOffset,1
isEmpty(),1
applying,1
\decimal,\,1
divides,1
vbo's,1
lol,1
sorting,1
nodes[i].clear();,1
Interleaved,1
variety,1
12,1
deleteObject,1
duration,1
(addInternal(object)),1
Some,1
\parameters,\,1
targetVolume,1
(Math.sqrt(4+1)-1)/4;,1
